-- phpMyAdmin SQL Dump
-- version 5.1.1
-- https://www.phpmyadmin.net/
--
-- Host: 127.0.0.1
-- Generation Time: Mar 31, 2022 at 05:13 PM
-- Server version: 10.4.22-MariaDB
-- PHP Version: 8.1.2

SET SQL_MODE = "NO_AUTO_VALUE_ON_ZERO";
START TRANSACTION;
SET time_zone = "+00:00";


/*!40101 SET @OLD_CHARACTER_SET_CLIENT=@@CHARACTER_SET_CLIENT */;
/*!40101 SET @OLD_CHARACTER_SET_RESULTS=@@CHARACTER_SET_RESULTS */;
/*!40101 SET @OLD_COLLATION_CONNECTION=@@COLLATION_CONNECTION */;
/*!40101 SET NAMES utf8mb4 */;

--
-- Database: `blog`
--

-- --------------------------------------------------------

--
-- Table structure for table `contents`
--

CREATE TABLE `contents` (
  `id` bigint(20) UNSIGNED NOT NULL,
  `topic` varchar(255) COLLATE utf8mb4_unicode_ci NOT NULL COMMENT 'หัวข้อ',
  `description` text COLLATE utf8mb4_unicode_ci NOT NULL COMMENT 'รายละเอียด',
  `tags` varchar(255) COLLATE utf8mb4_unicode_ci DEFAULT NULL COMMENT 'tag บทความ',
  `created_at` timestamp NULL DEFAULT NULL,
  `updated_at` timestamp NULL DEFAULT NULL,
  `user_id` bigint(20) NOT NULL
) ENGINE=InnoDB DEFAULT CHARSET=utf8mb4 COLLATE=utf8mb4_unicode_ci;

--
-- Dumping data for table `contents`
--

INSERT INTO `contents` (`id`, `topic`, `description`, `tags`, `created_at`, `updated_at`, `user_id`) VALUES
(1, 'Lorem Ipsum is simply dummy text of the printing', 'Lorem Ipsum is simply dummy text of the printing and typesetting industry. Lorem Ipsum has been the industry\'s standard dummy text ever since the 1500s, when an unknown printer took a galley of type and scrambled it to make a type specimen book. It has survived not only five centuries, but also the leap into electronic typesetting, remaining essentially unchanged. It was popularised in the 1960s with the release of Letraset sheets containing Lorem Ipsum passages, and more recently with desktop publishing software like Aldus PageMaker including versions of Lorem Ipsum.', 'content, itoffside, blog', '2022-03-30 07:35:58', '2022-03-30 07:35:58', 1),
(2, 'Why do we use it?', 'It is a long established fact that a reader will be distracted by the readable content of a page when looking at its layout. The point of using Lorem Ipsum is that it has a more-or-less normal distribution of letters, as opposed to using \'Content here, content here\', making it look like readable English. Many desktop publishing packages and web page editors now use Lorem Ipsum as their default model text, and a search for \'lorem ipsum\' will uncover many web sites still in their infancy. Various versions have evolved over the years, sometimes by accident, sometimes on purpose (injected humour and the like).', NULL, '2022-03-30 07:36:57', '2022-03-30 07:36:57', 1),
(3, 'Lorem Ipsum คือ เนื้อหาจำลองแบบเรียบๆ', 'test', 'test', '2022-03-30 01:26:10', '2022-03-30 01:26:10', 1),
(5, 'test3', 'test detail', NULL, '2022-03-30 12:47:05', '2022-03-30 12:47:05', 1),
(7, 'ทดสอบ2222', 'Lorem Ipsum คือ เนื้อหาจำลองแบบเรียบๆ ที่ใช้กันในธุรกิจงานพิมพ์หรืองานเรียงพิมพ์ มันได้กลายมาเป็นเนื้อหาจำลองมาตรฐานของธุรกิจดังกล่าวมาตั้งแต่ศตวรรษที่ 16 เมื่อเครื่องพิมพ์โนเนมเครื่องหนึ่งนำรางตัวพิมพ์มาสลับสับตำแหน่งตัวอักษรเพื่อทำหนังสือตัวอย่าง Lorem Ipsum อยู่ยงคงกระพันมาไม่ใช่แค่เพียงห้าศตวรรษ แต่อยู่มาจนถึงยุคที่พลิกโฉมเข้าสู่งานเรียงพิมพ์ด้วยวิธีทางอิเล็กทรอนิกส์ และยังคงสภาพเดิมไว้อย่างไม่มีการเปลี่ยนแปลง มันได้รับความนิยมมากขึ้นในยุค ค.ศ. 1960 เมื่อแผ่น Letraset วางจำหน่ายโดยมีข้อความบนนั้นเป็น Lorem Ipsum และล่าสุดกว่านั้น คือเมื่อซอฟท์แวร์การทำสื่อสิ่งพิมพ์ (Desktop Publishing) อย่าง Aldus PageMaker ได้รวมเอา Lorem Ipsum เวอร์ชั่นต่างๆ เข้าไว้ในซอฟท์แวร์ด้วย', 'เข้าไว้ในซอฟท์แวร์ด้วย', '2022-03-30 13:07:38', '2022-03-30 13:07:38', 1),
(8, 'บทความการันตี', 'Lorem Ipsum คือ เนื้อหาจำลองแบบเรียบๆ ที่ใช้กันในธุรกิจงานพิมพ์หรืองานเรียงพิมพ์ มันได้กลายมาเป็นเนื้อหาจำลองมาตรฐานของธุรกิจดังกล่าวมาตั้งแต่ศตวรรษที่ 16 เมื่อเครื่องพิมพ์โนเนมเครื่องหนึ่งนำรางตัวพิมพ์มาสลับสับตำแหน่งตัวอักษรเพื่อทำหนังสือตัวอย่าง Lorem Ipsum อยู่ยงคงกระพันมาไม่ใช่แค่เพียงห้าศตวรรษ แต่อยู่มาจนถึงยุคที่พลิกโฉมเข้าสู่งานเรียงพิมพ์ด้วยวิธีทางอิเล็กทรอนิกส์ และยังคงสภาพเดิมไว้อย่างไม่มีการเปลี่ยนแปลง มันได้รับความนิยมมากขึ้นในยุค ค.ศ. 1960 เมื่อแผ่น Letraset วางจำหน่ายโดยมีข้อความบนนั้นเป็น Lorem Ipsum และล่าสุดกว่านั้น คือเมื่อซอฟท์แวร์การทำสื่อสิ่งพิมพ์ (Desktop Publishing) อย่าง Aldus PageMaker ได้รวมเอา Lorem Ipsum เวอร์ชั่นต่างๆ เข้าไว้ในซอฟท์แวร์ด้วย', 'เข้าไว้ในซอฟท์แวร์ด้วย', '2022-03-30 13:07:43', '2022-03-30 13:16:35', 1),
(9, 'Lorem Ipsum', 'Lorem Ipsum คือ เนื้อหาจำลองแบบเรียบๆ ที่ใช้กันในธุรกิจงานพิมพ์หรืองานเรียงพิมพ์ มันได้กลายมาเป็นเนื้อหาจำลองมาตรฐานของธุรกิจดังกล่าวมาตั้งแต่ศตวรรษที่ 16 เมื่อเครื่องพิมพ์โนเนมเครื่องหนึ่งนำรางตัวพิมพ์มาสลับสับตำแหน่งตัวอักษรเพื่อทำหนังสือตัวอย่าง Lorem Ipsum อยู่ยงคงกระพันมาไม่ใช่แค่เพียงห้าศตวรรษ แต่อยู่มาจนถึงยุคที่พลิกโฉมเข้าสู่งานเรียงพิมพ์ด้วยวิธีทางอิเล็กทรอนิกส์ และยังคงสภาพเดิมไว้อย่างไม่มีการเปลี่ยนแปลง มันได้รับความนิยมมากขึ้นในยุค ค.ศ. 1960 เมื่อแผ่น Letraset วางจำหน่ายโดยมีข้อความบนนั้นเป็น Lorem Ipsum และล่าสุดกว่านั้น คือเมื่อซอฟท์แวร์การทำสื่อสิ่งพิมพ์ (Desktop Publishing) อย่าง Aldus PageMaker ได้รวมเอา Lorem Ipsum เวอร์ชั่นต่างๆ เข้าไว้ในซอฟท์แวร์ด้วย', 'เข้าไว้ในซอฟท์แวร์ด้วย', '2022-03-30 13:07:59', '2022-03-30 13:07:59', 1),
(10, 'ฉบับแปลเมื่อปี ค.ศ. 1914 โดย เอช แร็คแคม', '3434344', 'test', '2022-03-30 13:16:03', '2022-03-30 13:16:17', 1),
(11, 'ทำไมจึงต้องนำมาใช้?', 'มีหลักฐานที่เป็นข้อเท็จจริงยืนยันมานานแล้ว ว่าเนื้อหาที่อ่านรู้เรื่องนั้นจะไปกวนสมาธิของคนอ่านให้เขวไปจากส่วนที้เป็น Layout เรานำ Lorem Ipsum มาใช้เพราะความที่มันมีการกระจายของตัวอักษรธรรมดาๆ แบบพอประมาณ ซึ่งเอามาใช้แทนการเขียนว่า ‘ตรงนี้เป็นเนื้อหา, ตรงนี้เป็นเนื้อหา\' ได้ และยังทำให้มองดูเหมือนกับภาษาอังกฤษที่อ่านได้ปกติ ปัจจุบันมีแพ็กเกจของซอฟท์แวร์การทำสื่อสิ่งพิมพ์ และซอฟท์แวร์การสร้างเว็บเพจ (Web Page Editor) หลายตัวที่ใช้ Lorem Ipsum เป็นแบบจำลองเนื้อหาที่เป็นค่าตั้งต้น และเวลาที่เสิร์ชด้วยคำว่า \'lorem ipsum\' ผลการเสิร์ชที่ได้ก็จะไม่พบบรรดาเว็บไซต์ที่ยังคงอยู่ในช่วงเริ่มสร้างด้วย โดยหลายปีที่ผ่านมาก็มีการคิดค้นเวอร์ชั่นต่างๆ ของ Lorem Ipsum ขึ้นมาใช้ บ้างก็เป็นความบังเอิญ บ้างก็เป็นความตั้งใจ (เช่น การแอบแทรกมุกตลก)', NULL, '2022-03-30 16:18:58', '2022-03-30 16:18:58', 1),
(12, 'ตอนที่ 1.10.32 จาก \"de Finibus Bonorum et Malorum\" เขียนโดย ซิเซโร เมื่อ 45 ปี ก่อนคริตศตวรรษ', '\"Sed ut perspiciatis unde omnis iste natus error sit voluptatem accusantium doloremque laudantium, totam rem aperiam, eaque ipsa quae ab illo inventore veritatis et quasi architecto beatae vitae dicta sunt explicabo. Nemo enim ipsam voluptatem quia voluptas sit aspernatur aut odit aut fugit, sed quia consequuntur magni dolores eos qui ratione voluptatem sequi nesciunt. Neque porro quisquam est, qui dolorem ipsum quia dolor sit amet, consectetur, adipisci velit, sed quia non numquam eius modi tempora incidunt ut labore et dolore magnam aliquam quaerat voluptatem. Ut enim ad minima veniam, quis nostrum exercitationem ullam corporis suscipit laboriosam, nisi ut aliquid ex ea commodi consequatur? Quis autem vel eum iure reprehenderit qui in ea voluptate velit esse quam nihil molestiae consequatur, vel illum qui dolorem eum fugiat quo voluptas nulla pariatur?\"', NULL, '2022-03-30 16:19:12', '2022-03-30 16:19:12', 1),
(13, 'ฉบับแปลเมื่อปี ค.ศ. 1914 โดย เอช แร็คแคม', 'But I must explain to you how all this mistaken idea of denouncing pleasure and praising pain was born and I will give you a complete account of the system, and expound the actual teachings of the great explorer of the truth, the master-builder of human happiness. No one rejects, dislikes, or avoids pleasure itself, because it is pleasure, but because those who do not know how to pursue pleasure rationally encounter consequences that are extremely painful. Nor again is there anyone who loves or pursues or desires to obtain pain of itself, because it is pain, but because occasionally circumstances occur in which toil and pain can procure him some great pleasure. To take a trivial example, which of us ever undertakes laborious physical exercise, except to obtain some advantage from it? But who has any right to find fault with a man who chooses to enjoy a pleasure that has no annoying consequences, or one who avoids a pain that produces no resultant pleasure?', NULL, '2022-03-30 16:19:31', '2022-03-30 16:19:31', 1),
(14, 'ฉบับแปลเมื่อปี ค.ศ. 1914 โดย เอช แร็คแคม', 'On the other hand, we denounce with righteous indignation and dislike men who are so beguiled and demoralized by the charms of pleasure of the moment, so blinded by desire, that they cannot foresee the pain and trouble that are bound to ensue; and equal blame belongs to those who fail in their duty through weakness of will, which is the same as saying through shrinking from toil and pain. These cases are perfectly simple and easy to distinguish. In a free hour, when our power of choice is untrammelled and when nothing prevents our being able to do what we like best, every pleasure is to be welcomed and every pain avoided. But in certain circumstances and owing to the claims of duty or the obligations of business it will frequently occur that pleasures have to be repudiated and annoyances accepted. The wise man therefore always holds in these matters to this principle of selection: he rejects pleasures to secure other greater pleasures, or else he endures pains to avoid worse pains.', NULL, '2022-03-30 16:19:48', '2022-03-30 16:19:48', 1),
(15, 'Что такое Lorem Ipsum?', 'Lorem Ipsum - это текст-\"рыба\", часто используемый в печати и вэб-дизайне. Lorem Ipsum является стандартной \"рыбой\" для текстов на латинице с начала XVI века. В то время некий безымянный печатник создал большую коллекцию размеров и форм шрифтов, используя Lorem Ipsum для распечатки образцов. Lorem Ipsum не только успешно пережил без заметных изменений пять веков, но и перешагнул в электронный дизайн. Его популяризации в новое время послужили публикация листов Letraset с образцами Lorem Ipsum в 60-х годах и, в более недавнее время, программы электронной вёрстки типа Aldus PageMaker, в шаблонах которых используется Lorem Ipsum.', NULL, '2022-03-30 16:20:23', '2022-03-30 16:20:23', 1),
(16, 'Где его взять?', 'напоминают латынь. Если вам нужен Lorem Ipsum для серьёзного проекта, вы наверняка не хотите какой-нибудь шутки, скрытой в', 'test', '2022-03-31 01:48:58', '2022-03-31 01:48:58', 1),
(17, 'тыни из колледжа Hampden-Syd', 'результате он нашёл неоспоримый первоисточник Lorem Ipsum в разделах 1.10.32 и 1.10.33 книги \"de Finibus Bonorum et Malorum\" (\"О пределах добра и зла\"), написанной Цицероном в 45 году н.э. Этот трактат по теории этики был очень популярен в эпоху Возрождения. Первая строка Lorem Ipsum, \"Lorem ipsum dolor sit amet..\", происходит от одной из строк в разделе 1.10.32', 'Lorem Ipsum, Desktop Publishing', '2022-03-31 01:50:30', '2022-03-31 01:50:30', 2);

-- --------------------------------------------------------

--
-- Table structure for table `failed_jobs`
--

CREATE TABLE `failed_jobs` (
  `id` bigint(20) UNSIGNED NOT NULL,
  `uuid` varchar(255) COLLATE utf8mb4_unicode_ci NOT NULL,
  `connection` text COLLATE utf8mb4_unicode_ci NOT NULL,
  `queue` text COLLATE utf8mb4_unicode_ci NOT NULL,
  `payload` longtext COLLATE utf8mb4_unicode_ci NOT NULL,
  `exception` longtext COLLATE utf8mb4_unicode_ci NOT NULL,
  `failed_at` timestamp NOT NULL DEFAULT current_timestamp()
) ENGINE=InnoDB DEFAULT CHARSET=utf8mb4 COLLATE=utf8mb4_unicode_ci;

-- --------------------------------------------------------

--
-- Table structure for table `migrations`
--

CREATE TABLE `migrations` (
  `id` int(10) UNSIGNED NOT NULL,
  `migration` varchar(255) COLLATE utf8mb4_unicode_ci NOT NULL,
  `batch` int(11) NOT NULL
) ENGINE=InnoDB DEFAULT CHARSET=utf8mb4 COLLATE=utf8mb4_unicode_ci;

--
-- Dumping data for table `migrations`
--

INSERT INTO `migrations` (`id`, `migration`, `batch`) VALUES
(1, '2014_10_12_000000_create_users_table', 1),
(2, '2014_10_12_100000_create_password_resets_table', 1),
(3, '2019_08_19_000000_create_failed_jobs_table', 1),
(4, '2019_12_14_000001_create_personal_access_tokens_table', 1),
(5, '2022_03_30_072300_create_contents_table', 1);

-- --------------------------------------------------------

--
-- Table structure for table `password_resets`
--

CREATE TABLE `password_resets` (
  `email` varchar(255) COLLATE utf8mb4_unicode_ci NOT NULL,
  `token` varchar(255) COLLATE utf8mb4_unicode_ci NOT NULL,
  `created_at` timestamp NULL DEFAULT NULL
) ENGINE=InnoDB DEFAULT CHARSET=utf8mb4 COLLATE=utf8mb4_unicode_ci;

-- --------------------------------------------------------

--
-- Table structure for table `personal_access_tokens`
--

CREATE TABLE `personal_access_tokens` (
  `id` bigint(20) UNSIGNED NOT NULL,
  `tokenable_type` varchar(255) COLLATE utf8mb4_unicode_ci NOT NULL,
  `tokenable_id` bigint(20) UNSIGNED NOT NULL,
  `name` varchar(255) COLLATE utf8mb4_unicode_ci NOT NULL,
  `token` varchar(64) COLLATE utf8mb4_unicode_ci NOT NULL,
  `abilities` text COLLATE utf8mb4_unicode_ci DEFAULT NULL,
  `last_used_at` timestamp NULL DEFAULT NULL,
  `created_at` timestamp NULL DEFAULT NULL,
  `updated_at` timestamp NULL DEFAULT NULL
) ENGINE=InnoDB DEFAULT CHARSET=utf8mb4 COLLATE=utf8mb4_unicode_ci;

-- --------------------------------------------------------

--
-- Table structure for table `users`
--

CREATE TABLE `users` (
  `id` bigint(20) UNSIGNED NOT NULL,
  `name` varchar(255) COLLATE utf8mb4_unicode_ci NOT NULL,
  `email` varchar(255) COLLATE utf8mb4_unicode_ci NOT NULL,
  `email_verified_at` timestamp NULL DEFAULT NULL,
  `password` varchar(255) COLLATE utf8mb4_unicode_ci NOT NULL,
  `remember_token` varchar(100) COLLATE utf8mb4_unicode_ci DEFAULT NULL,
  `created_at` timestamp NULL DEFAULT NULL,
  `updated_at` timestamp NULL DEFAULT NULL
) ENGINE=InnoDB DEFAULT CHARSET=utf8mb4 COLLATE=utf8mb4_unicode_ci;

--
-- Dumping data for table `users`
--

INSERT INTO `users` (`id`, `name`, `email`, `email_verified_at`, `password`, `remember_token`, `created_at`, `updated_at`) VALUES
(1, 'Tawatsak Tangeaim', 'tangeaim@hotmail.com', NULL, '$2a$12$ciUFAj2t14HJMG/rTv1fRuwZscflwzqrKCiuzpifEjUUYG0yt7TXG', NULL, '2022-03-31 08:23:33', '2022-03-31 08:23:33'),
(2, 'Somchai Jaidee', 'somchai@hotmail.com', NULL, '$2a$12$759ajxY6B6hpqNuYqrC1F.gRZLS2NuFW6LZLe3hvxoB88tCeCySCK', NULL, '2022-03-31 08:49:23', '2022-03-31 08:49:23');

--
-- Indexes for dumped tables
--

--
-- Indexes for table `contents`
--
ALTER TABLE `contents`
  ADD PRIMARY KEY (`id`);

--
-- Indexes for table `failed_jobs`
--
ALTER TABLE `failed_jobs`
  ADD PRIMARY KEY (`id`),
  ADD UNIQUE KEY `failed_jobs_uuid_unique` (`uuid`);

--
-- Indexes for table `migrations`
--
ALTER TABLE `migrations`
  ADD PRIMARY KEY (`id`);

--
-- Indexes for table `password_resets`
--
ALTER TABLE `password_resets`
  ADD KEY `password_resets_email_index` (`email`);

--
-- Indexes for table `personal_access_tokens`
--
ALTER TABLE `personal_access_tokens`
  ADD PRIMARY KEY (`id`),
  ADD UNIQUE KEY `personal_access_tokens_token_unique` (`token`),
  ADD KEY `personal_access_tokens_tokenable_type_tokenable_id_index` (`tokenable_type`,`tokenable_id`);

--
-- Indexes for table `users`
--
ALTER TABLE `users`
  ADD PRIMARY KEY (`id`),
  ADD UNIQUE KEY `users_email_unique` (`email`);

--
-- AUTO_INCREMENT for dumped tables
--

--
-- AUTO_INCREMENT for table `contents`
--
ALTER TABLE `contents`
  MODIFY `id` bigint(20) UNSIGNED NOT NULL AUTO_INCREMENT, AUTO_INCREMENT=18;

--
-- AUTO_INCREMENT for table `failed_jobs`
--
ALTER TABLE `failed_jobs`
  MODIFY `id` bigint(20) UNSIGNED NOT NULL AUTO_INCREMENT;

--
-- AUTO_INCREMENT for table `migrations`
--
ALTER TABLE `migrations`
  MODIFY `id` int(10) UNSIGNED NOT NULL AUTO_INCREMENT, AUTO_INCREMENT=6;

--
-- AUTO_INCREMENT for table `personal_access_tokens`
--
ALTER TABLE `personal_access_tokens`
  MODIFY `id` bigint(20) UNSIGNED NOT NULL AUTO_INCREMENT;

--
-- AUTO_INCREMENT for table `users`
--
ALTER TABLE `users`
  MODIFY `id` bigint(20) UNSIGNED NOT NULL AUTO_INCREMENT, AUTO_INCREMENT=3;
COMMIT;

/*!40101 SET CHARACTER_SET_CLIENT=@OLD_CHARACTER_SET_CLIENT */;
/*!40101 SET CHARACTER_SET_RESULTS=@OLD_CHARACTER_SET_RESULTS */;
/*!40101 SET COLLATION_CONNECTION=@OLD_COLLATION_CONNECTION */;
